Latitude,Longitude,Season,sst
-44.0,110.0,Autumn,11.443781628205128
-44.0,110.0,Spring,10.032242541794872
-44.0,110.0,Summer,11.770515632564104
-44.0,110.0,Winter,10.092461442307693
-44.0,112.0,Autumn,11.509811897435897
-44.0,112.0,Spring,10.08584955076923
-44.0,112.0,Summer,11.872026072820512
-44.0,112.0,Winter,10.12791812179487
-44.0,114.0,Autumn,11.576773442307692
-44.0,114.0,Spring,10.11169969076923
-44.0,114.0,Summer,11.944226253076925
-44.0,114.0,Winter,10.169994775641026
-44.0,116.0,Autumn,11.619913128205129
-44.0,116.0,Spring,10.097767882307693
-44.0,116.0,Summer,11.995895544102561
-44.0,116.0,Winter,10.161610230769229
-44.0,118.0,Autumn,11.663218467948719
-44.0,118.0,Spring,10.082107554871795
-44.0,118.0,Summer,12.05782834102564
-44.0,118.0,Winter,10.11673332051282
-44.0,120.0,Autumn,11.765163301282051
-44.0,120.0,Spring,10.111627462051281
-44.0,120.0,Summer,12.158569254102565
-44.0,120.0,Winter,10.11988983974359
-44.0,122.0,Autumn,11.91391439102564
-44.0,122.0,Spring,10.170052621794872
-44.0,122.0,Summer,12.262003328461539
-44.0,122.0,Winter,10.191295980769228
-44.0,124.0,Autumn,12.05899476923077
-44.0,124.0,Spring,10.222627338205127
-44.0,124.0,Summer,12.345729324358976
-44.0,124.0,Winter,10.280534929487178
-44.0,126.0,Autumn,12.17237542948718
-44.0,126.0,Spring,10.26724258076923
-44.0,126.0,Summer,12.433849651794873
-44.0,126.0,Winter,10.348709006410255
-44.0,128.0,Autumn,12.239106237179486
-44.0,128.0,Spring,10.297952531538462
-44.0,128.0,Summer,12.513459934871795
-44.0,128.0,Winter,10.382821339743591
-44.0,130.0,Autumn,12.287382224358973
-44.0,130.0,Spring,10.32228225897436
-44.0,130.0,Summer,12.586035781794871
-44.0,130.0,Winter,10.415491256410256
-44.0,132.0,Autumn,12.374689794871793
-44.0,132.0,Spring,10.377976023076924
-44.0,132.0,Summer,12.688251795128204
-44.0,132.0,Winter,10.497876487179488
-44.0,134.0,Autumn,12.527908102564103
-44.0,134.0,Spring,10.48048241025641
-44.0,134.0,Summer,12.851701553333333
-44.0,134.0,Winter,10.61531625
-44.0,136.0,Autumn,12.7408891474359
-44.0,136.0,Spring,10.640830396153847
-44.0,136.0,Summer,13.102065197179487
-44.0,136.0,Winter,10.745993487179488
-44.0,138.0,Autumn,13.00069880128205
-44.0,138.0,Spring,10.873657737435897
-44.0,138.0,Summer,13.411238666410258
-44.0,138.0,Winter,10.935789339743591
-44.0,140.0,Autumn,13.29349251923077
-44.0,140.0,Spring,11.129317578974357
-44.0,140.0,Summer,13.709085671282052
-44.0,140.0,Winter,11.217886647435897
-44.0,142.0,Autumn,13.659644346153845
-44.0,142.0,Spring,11.399326112051282
-44.0,142.0,Summer,14.041642452820513
-44.0,142.0,Winter,11.574674262820514
-44.0,144.0,Autumn,14.046738121794872
-44.0,144.0,Spring,11.700561725384617
-44.0,144.0,Summer,14.421994196153847
-44.0,144.0,Winter,11.900874147435898
-44.0,146.0,Autumn,14.35264575
-44.0,146.0,Spring,12.001440584615386
-44.0,146.0,Summer,14.74909887897436
-44.0,146.0,Winter,12.144783801282053
-44.0,148.0,Autumn,14.768698012820513
-44.0,148.0,Spring,12.361222099487179
-44.0,148.0,Summer,15.135285972820512
-44.0,148.0,Winter,12.46347042948718
-44.0,150.0,Autumn,15.118219384615385
-44.0,150.0,Spring,12.621757879487177
-44.0,150.0,Summer,15.422950772820514
-44.0,150.0,Winter,12.740722346153845
-44.0,152.0,Autumn,15.002920320512821
-44.0,152.0,Spring,12.498915094358972
-44.0,152.0,Summer,15.290157291025642
-44.0,152.0,Winter,12.65606471153846
-44.0,154.0,Autumn,14.770276692307691
-44.0,154.0,Spring,12.286507103589743
-44.0,154.0,Summer,15.097066622820513
-44.0,154.0,Winter,12.424636903846155
-44.0,156.0,Autumn,14.662216987179486
-44.0,156.0,Spring,12.201839609487179
-44.0,156.0,Summer,15.060302680769231
-44.0,156.0,Winter,12.253498474358972
-44.0,158.0,Autumn,14.642608884615385
-44.0,158.0,Spring,12.195311943589743
-44.0,158.0,Summer,15.070786366666667
-44.0,158.0,Winter,12.197735999999999
-44.0,160.0,Autumn,14.645841820512821
-44.0,160.0,Spring,12.19509643
-44.0,160.0,Summer,15.056564723333333
-44.0,160.0,Winter,12.218746262820511
-42.0,110.0,Autumn,12.986354923076924
-42.0,110.0,Spring,10.884623063076923
-42.0,110.0,Summer,13.193622852307692
-42.0,110.0,Winter,11.088544262820514
-42.0,112.0,Autumn,13.057168576923077
-42.0,112.0,Spring,10.96604670948718
-42.0,112.0,Summer,13.306311891538462
-42.0,112.0,Winter,11.15061537179487
-42.0,114.0,Autumn,13.140458532051282
-42.0,114.0,Spring,11.028611876153846
-42.0,114.0,Summer,13.40540758153846
-42.0,114.0,Winter,11.234296307692306
-42.0,116.0,Autumn,13.210891743589743
-42.0,116.0,Spring,11.055799712564102
-42.0,116.0,Summer,13.484868731538462
-42.0,116.0,Winter,11.264524698717949
-42.0,118.0,Autumn,13.252328493589744
-42.0,118.0,Spring,11.059039533076925
-42.0,118.0,Summer,13.550560004871796
-42.0,118.0,Winter,11.210052512820512
-42.0,120.0,Autumn,13.304875025641026
-42.0,120.0,Spring,11.065002086666667
-42.0,120.0,Summer,13.615629401794871
-42.0,120.0,Winter,11.148353512820513
-42.0,122.0,Autumn,13.376430288461536
-42.0,122.0,Spring,11.067888218974359
-42.0,122.0,Summer,13.650953450769231
-42.0,122.0,Winter,11.14189346153846
-42.0,124.0,Autumn,13.465995782051282
-42.0,124.0,Spring,11.083882853333334
-42.0,124.0,Summer,13.685808346153847
-42.0,124.0,Winter,11.189584141025641
-42.0,126.0,Autumn,13.548484717948718
-42.0,126.0,Spring,11.121837527692307
-42.0,126.0,Summer,13.75627251974359
-42.0,126.0,Winter,11.244952846153845
-42.0,128.0,Autumn,13.617229301282052
-42.0,128.0,Spring,11.178096372307692
-42.0,128.0,Summer,13.852004023846154
-42.0,128.0,Winter,11.30271733974359
-42.0,130.0,Autumn,13.692396461538463
-42.0,130.0,Spring,11.241574443846154
-42.0,130.0,Summer,13.950084966923077
-42.0,130.0,Winter,11.381531237179487
-42.0,132.0,Autumn,13.799156762820514
-42.0,132.0,Spring,11.32511147974359
-42.0,132.0,Summer,14.06579805051282
-42.0,132.0,Winter,11.48357312179487
-42.0,134.0,Autumn,13.955112179487179
-42.0,134.0,Spring,11.458055359487181
-42.0,134.0,Summer,14.246590720256412
-42.0,134.0,Winter,11.588894782051282
-42.0,136.0,Autumn,14.143346589743588
-42.0,136.0,Spring,11.657190687179487
-42.0,136.0,Summer,14.500404847179489
-42.0,136.0,Winter,11.709485346153846
-42.0,138.0,Autumn,14.360600596153846
-42.0,138.0,Spring,11.946070738205128
-42.0,138.0,Summer,14.783927555641023
-42.0,138.0,Winter,11.940924256410256
-42.0,140.0,Autumn,14.636378602564102
-42.0,140.0,Spring,12.274942398717949
-42.0,140.0,Summer,15.061725528974359
-42.0,140.0,Winter,12.316267807692308
-42.0,142.0,Autumn,15.01871333974359
-42.0,142.0,Spring,12.572527727692309
-42.0,142.0,Summer,15.393524404871796
-42.0,142.0,Winter,12.71780621794872
-42.0,144.0,Autumn,15.414700096153846
-42.0,144.0,Spring,12.791753711794874
-42.0,144.0,Summer,15.763310795384617
-42.0,144.0,Winter,12.957545852564103
-42.0,146.0,Autumn,15.790787320512822
-42.0,146.0,Spring,13.00576978
-42.0,146.0,Summer,16.15166765
-42.0,146.0,Winter,13.099407923076924
-42.0,150.0,Autumn,17.073350711538463
-42.0,150.0,Spring,13.98212423769231
-42.0,150.0,Summer,17.351917475384614
-42.0,150.0,Winter,14.054971583333332
-42.0,152.0,Autumn,17.00643239102564
-42.0,152.0,Spring,13.966170641025641
-42.0,152.0,Summer,17.279517564102566
-42.0,152.0,Winter,14.098725621794872
-42.0,154.0,Autumn,16.7553515
-42.0,154.0,Spring,13.805547821282053
-42.0,154.0,Summer,17.07585756051282
-42.0,154.0,Winter,13.931616576923076
-42.0,156.0,Autumn,16.533602692307692
-42.0,156.0,Spring,13.68736638692308
-42.0,156.0,Summer,16.91788678205128
-42.0,156.0,Winter,13.729759865384615
-42.0,158.0,Autumn,16.39574146153846
-42.0,158.0,Spring,13.610752465641026
-42.0,158.0,Summer,16.798501486153846
-42.0,158.0,Winter,13.604416666666667
-42.0,160.0,Autumn,16.276096166666665
-42.0,160.0,Spring,13.503244434358974
-42.0,160.0,Summer,16.665309725128207
-42.0,160.0,Winter,13.516338
-40.0,110.0,Autumn,14.71911312820513
-40.0,110.0,Spring,12.032789414358973
-40.0,110.0,Summer,14.806165280000002
-40.0,110.0,Winter,12.359204525641026
-40.0,112.0,Autumn,14.888213519230769
-40.0,112.0,Spring,12.218005962051285
-40.0,112.0,Summer,14.986416103076921
-40.0,112.0,Winter,12.555812794871793
-40.0,114.0,Autumn,15.04122321153846
-40.0,114.0,Spring,12.384843877692306
-40.0,114.0,Summer,15.149780777179487
-40.0,114.0,Winter,12.757653237179484
-40.0,116.0,Autumn,15.117554871794873
-40.0,116.0,Spring,12.469535135641024
-40.0,116.0,Summer,15.24113346794872
-40.0,116.0,Winter,12.830792782051283
-40.0,118.0,Autumn,15.110835903846153
-40.0,118.0,Spring,12.461344963076924
-40.0,118.0,Summer,15.275300253076923
-40.0,118.0,Winter,12.727435724358974
-40.0,120.0,Autumn,15.08562482051282
-40.0,120.0,Spring,12.391773787435897
-40.0,120.0,Summer,15.283038233846154
-40.0,120.0,Winter,12.546457314102563
-40.0,122.0,Autumn,15.093102666666667
-40.0,122.0,Spring,12.315426336666667
-40.0,122.0,Summer,15.270176693589745
-40.0,122.0,Winter,12.436084269230768
-40.0,124.0,Autumn,15.13725075
-40.0,124.0,Spring,12.282999656923076
-40.0,124.0,Summer,15.272085251025638
-40.0,124.0,Winter,12.43248853205128
-40.0,126.0,Autumn,15.17239808974359
-40.0,126.0,Spring,12.28722538
-40.0,126.0,Summer,15.307749937435899
-40.0,126.0,Winter,12.454233660256412
-40.0,128.0,Autumn,15.194324852564103
-40.0,128.0,Spring,12.320909842307692
-40.0,128.0,Summer,15.373292187179487
-40.0,128.0,Winter,12.48339239102564
-40.0,130.0,Autumn,15.246104576923079
-40.0,130.0,Spring,12.3960993325641
-40.0,130.0,Summer,15.461054675128205
-40.0,130.0,Winter,12.559670878205127
-40.0,132.0,Autumn,15.328162480769231
-40.0,132.0,Spring,12.504818815384615
-40.0,132.0,Summer,15.563339837435898
-40.0,132.0,Winter,12.657824955128206
-40.0,134.0,Autumn,15.449598615384616
-40.0,134.0,Spring,12.671176979999998
-40.0,134.0,Summer,15.722704865641026
-40.0,134.0,Winter,12.76808712820513
-40.0,136.0,Autumn,15.588371108974359
-40.0,136.0,Spring,12.90032453179487
-40.0,136.0,Summer,15.927396385384617
-40.0,136.0,Winter,12.923777576923078
-40.0,138.0,Autumn,15.737754384615384
-40.0,138.0,Spring,13.20252913076923
-40.0,138.0,Summer,16.143137914871794
-40.0,138.0,Winter,13.193157243589743
-40.0,140.0,Autumn,15.920671038461537
-40.0,140.0,Spring,13.506816598461539
-40.0,140.0,Summer,16.342094747179488
-40.0,140.0,Winter,13.543193730769232
-40.0,142.0,Autumn,16.155671256410255
-40.0,142.0,Spring,13.666480008717949
-40.0,142.0,Summer,16.53541820102564
-40.0,142.0,Winter,13.779290852564102
-40.0,144.0,Autumn,16.57122310897436
-40.0,144.0,Spring,13.704773846410257
-40.0,144.0,Summer,16.92062702820513
-40.0,144.0,Winter,13.774551153846154
-40.0,146.0,Autumn,17.196221262820515
-40.0,146.0,Spring,13.915812882820513
-40.0,146.0,Summer,17.562464718974358
-40.0,146.0,Winter,13.857281653846153
-40.0,148.0,Autumn,18.01960787179487
-40.0,148.0,Spring,14.531286978205129
-40.0,148.0,Summer,18.398377593846153
-40.0,148.0,Winter,14.423849378205128
-40.0,150.0,Autumn,18.685074384615383
-40.0,150.0,Spring,15.176192932564105
-40.0,150.0,Summer,19.04928414717949
-40.0,150.0,Winter,15.116254461538462
-40.0,152.0,Autumn,18.888975794871794
-40.0,152.0,Spring,15.437728468974358
-40.0,152.0,Summer,19.23592773948718
-40.0,152.0,Winter,15.465353532051282
-40.0,154.0,Autumn,18.741485794871796
-40.0,154.0,Spring,15.36683797102564
-40.0,154.0,Summer,19.093896743076925
-40.0,154.0,Winter,15.431982865384617
-40.0,156.0,Autumn,18.415336256410257
-40.0,156.0,Spring,15.179456502564102
-40.0,156.0,Summer,18.797951185641026
-40.0,156.0,Winter,15.197756320512818
-40.0,158.0,Autumn,18.12134364102564
-40.0,158.0,Spring,15.015224827179487
-40.0,158.0,Summer,18.529073337948716
-40.0,158.0,Winter,14.987956480769233
-40.0,160.0,Autumn,17.866988730769233
-40.0,160.0,Spring,14.844858704102563
-40.0,160.0,Summer,18.295720585128205
-40.0,160.0,Winter,14.810024019230772
-38.0,110.0,Autumn,16.549453884615385
-38.0,110.0,Spring,13.56506678820513
-38.0,110.0,Summer,16.53501049333333
-38.0,110.0,Winter,13.975592916666665
-38.0,112.0,Autumn,16.87859003205128
-38.0,112.0,Spring,13.861739522307692
-38.0,112.0,Summer,16.799010159743588
-38.0,112.0,Winter,14.34036983974359
-38.0,114.0,Autumn,17.15691680769231
-38.0,114.0,Spring,14.15613206
-38.0,114.0,Summer,17.044230633846155
-38.0,114.0,Winter,14.69585833974359
-38.0,116.0,Autumn,17.23449891025641
-38.0,116.0,Spring,14.295745825897436
-38.0,116.0,Summer,17.127488256923076
-38.0,116.0,Winter,14.828414141025641
-38.0,118.0,Autumn,17.13694012820513
-38.0,118.0,Spring,14.244763824871795
-38.0,118.0,Summer,17.08823586051282
-38.0,118.0,Winter,14.680592076923077
-38.0,120.0,Autumn,17.0078295
-38.0,120.0,Spring,14.073143347692309
-38.0,120.0,Summer,17.02101536923077
-38.0,120.0,Winter,14.38792541025641
-38.0,122.0,Autumn,16.916347
-38.0,122.0,Spring,13.87724185076923
-38.0,122.0,Summer,16.950273138974357
-38.0,122.0,Winter,14.123752602564101
-38.0,124.0,Autumn,16.86538255128205
-38.0,124.0,Spring,13.750389632564103
-38.0,124.0,Summer,16.909636726666665
-38.0,124.0,Winter,13.964544102564105
-38.0,126.0,Autumn,16.800023461538462
-38.0,126.0,Spring,13.669811865128205
-38.0,126.0,Summer,16.8844305174359
-38.0,126.0,Winter,13.84159051923077
-38.0,128.0,Autumn,16.730754006410255
-38.0,128.0,Spring,13.63467070846154
-38.0,128.0,Summer,16.873890724615386
-38.0,128.0,Winter,13.763431455128206
-38.0,130.0,Autumn,16.727883762820515
-38.0,130.0,Spring,13.697220964358975
-38.0,130.0,Summer,16.903427473846154
-38.0,130.0,Winter,13.814953262820515
-38.0,132.0,Autumn,16.782502032051283
-38.0,132.0,Spring,13.826572892820513
-38.0,132.0,Summer,16.966011431794872
-38.0,132.0,Winter,13.951173089743591
-38.0,134.0,Autumn,16.87572855769231
-38.0,134.0,Spring,13.99992059051282
-38.0,134.0,Summer,17.090194576923075
-38.0,134.0,Winter,14.110310602564104
-38.0,136.0,Autumn,16.95806996153846
-38.0,136.0,Spring,14.197166662051282
-38.0,136.0,Summer,17.246651645128207
-38.0,136.0,Winter,14.277653641025642
-38.0,138.0,Autumn,16.98169908974359
-38.0,138.0,Spring,14.401111248717948
-38.0,138.0,Summer,17.36336172051282
-38.0,138.0,Winter,14.458040730769232
-38.0,140.0,Autumn,16.921412038461536
-38.0,140.0,Spring,14.511085626153848
-38.0,140.0,Summer,17.355229311282052
-38.0,140.0,Winter,14.569656224358974
-38.0,142.0,Autumn,16.81370862179487
-38.0,142.0,Spring,14.391763902307693
-38.0,142.0,Summer,17.228112395897437
-38.0,142.0,Winter,14.476148038461538
-38.0,146.0,Autumn,17.864088243589745
-38.0,146.0,Spring,14.336415964358975
-38.0,146.0,Summer,18.28106837025641
-38.0,146.0,Winter,14.131788461538461
-38.0,148.0,Autumn,18.573679134615386
-38.0,148.0,Spring,14.948965266923077
-38.0,148.0,Summer,19.04198052717949
-38.0,148.0,Winter,14.701638012820512
-38.0,150.0,Autumn,19.73768882051282
-38.0,150.0,Spring,16.118283806666668
-38.0,150.0,Summer,20.242725558461533
-38.0,150.0,Winter,15.881484339743588
-38.0,152.0,Autumn,20.558915769230765
-38.0,152.0,Spring,16.94509654051282
-38.0,152.0,Summer,21.05232566102564
-38.0,152.0,Winter,16.74660208974359
-38.0,154.0,Autumn,20.563580897435898
-38.0,154.0,Spring,16.971698646666667
-38.0,154.0,Summer,21.008074166153847
-38.0,154.0,Winter,16.83522792948718
-38.0,156.0,Autumn,20.19216255128205
-38.0,156.0,Spring,16.701487534358975
-38.0,156.0,Summer,20.605427595384615
-38.0,156.0,Winter,16.596553025641025
-38.0,158.0,Autumn,19.791141256410256
-38.0,158.0,Spring,16.44368582051282
-38.0,158.0,Summer,20.21639955846154
-38.0,158.0,Winter,16.35085339102564
-38.0,160.0,Autumn,19.423634705128205
-38.0,160.0,Spring,16.21293203282051
-38.0,160.0,Summer,19.89202261948718
-38.0,160.0,Winter,16.12570171153846
-36.0,110.0,Autumn,18.19651844871795
-36.0,110.0,Spring,15.165369260256412
-36.0,110.0,Summer,18.107814711794873
-36.0,110.0,Winter,15.608670814102567
-36.0,112.0,Autumn,18.711773243589743
-36.0,112.0,Spring,15.600460175384617
-36.0,112.0,Summer,18.47376385076923
-36.0,112.0,Winter,16.150815506410257
-36.0,114.0,Autumn,19.180786705128202
-36.0,114.0,Spring,16.039526315641027
-36.0,114.0,Summer,18.835311474871798
-36.0,114.0,Winter,16.676383064102566
-36.0,116.0,Autumn,19.252827051282054
-36.0,116.0,Spring,16.164688729999998
-36.0,116.0,Summer,18.88714662
-36.0,116.0,Winter,16.821456006410255
-36.0,118.0,Autumn,18.904788038461536
-36.0,118.0,Spring,15.910750282051282
-36.0,118.0,Summer,18.63045826205128
-36.0,118.0,Winter,16.509662679487178
-36.0,120.0,Autumn,18.600761641025642
-36.0,120.0,Spring,15.622465328974357
-36.0,120.0,Summer,18.43124969794872
-36.0,120.0,Winter,16.131181358974356
-36.0,122.0,Autumn,18.451037435897437
-36.0,122.0,Spring,15.40048891948718
-36.0,122.0,Summer,18.351753047179486
-36.0,122.0,Winter,15.80654575
-36.0,124.0,Autumn,18.317287025641026
-36.0,124.0,Spring,15.218131837179486
-36.0,124.0,Summer,18.305973416410257
-36.0,124.0,Winter,15.476551230769232
-36.0,126.0,Autumn,18.20301612820513
-36.0,126.0,Spring,15.09110352923077
-36.0,126.0,Summer,18.277850534871792
-36.0,126.0,Winter,15.204826570512822
-36.0,128.0,Autumn,18.08124164102564
-36.0,128.0,Spring,14.985042897435898
-36.0,128.0,Summer,18.20909341076923
-36.0,128.0,Winter,15.01706705128205
-36.0,130.0,Autumn,18.035985294871796
-36.0,130.0,Spring,15.010972816666666
-36.0,130.0,Summer,18.168353617948714
-36.0,130.0,Winter,15.044948647435897
-36.0,132.0,Autumn,18.07105655128205
-36.0,132.0,Spring,15.137533504871795
-36.0,132.0,Summer,18.18817327897436
-36.0,132.0,Winter,15.229699852564101
-36.0,134.0,Autumn,18.115032307692307
-36.0,134.0,Spring,15.240920083076922
-36.0,134.0,Summer,18.266800923076925
-36.0,134.0,Winter,15.371773653846155
-36.0,136.0,Autumn,18.098287512820512
-36.0,136.0,Spring,15.281571542051282
-36.0,136.0,Summer,18.373893680512822
-36.0,136.0,Winter,15.383124294871797
-36.0,138.0,Autumn,17.96143937179487
-36.0,138.0,Spring,15.277278629487178
-36.0,138.0,Summer,18.374722768205128
-36.0,138.0,Winter,15.330787115384615
-36.0,140.0,Autumn,17.631716384615384
-36.0,140.0,Spring,15.127799733589745
-36.0,140.0,Summer,18.097928777948717
-36.0,140.0,Winter,15.169840250000002
-36.0,152.0,Autumn,22.13108641025641
-36.0,152.0,Spring,18.621194221538463
-36.0,152.0,Summer,22.78441287897436
-36.0,152.0,Winter,18.123656435897434
-36.0,154.0,Autumn,22.111016871794874
-36.0,154.0,Spring,18.609110975897437
-36.0,154.0,Summer,22.692040011794873
-36.0,154.0,Winter,18.170511051282052
-36.0,156.0,Autumn,21.759161384615386
-36.0,156.0,Spring,18.29833422307692
-36.0,156.0,Summer,22.26224825846154
-36.0,156.0,Winter,17.959012564102565
-36.0,158.0,Autumn,21.3277458974359
-36.0,158.0,Spring,17.944233486153845
-36.0,158.0,Summer,21.803102890769228
-36.0,158.0,Winter,17.707765371794874
-36.0,160.0,Autumn,20.90508158974359
-36.0,160.0,Spring,17.625166604102564
-36.0,160.0,Summer,21.39590522
-36.0,160.0,Winter,17.465579205128204
-34.0,110.0,Autumn,19.54289144871795
-34.0,110.0,Spring,16.647240587692306
-34.0,110.0,Summer,19.391201734358972
-34.0,110.0,Winter,17.035890038461538
-34.0,112.0,Autumn,20.18058655128205
-34.0,112.0,Spring,17.19609725948718
-34.0,112.0,Summer,19.837139348717944
-34.0,112.0,Winter,17.710611384615387
-34.0,114.0,Autumn,20.804971025641024
-34.0,114.0,Spring,17.712874663589744
-34.0,114.0,Summer,20.295000609230772
-34.0,114.0,Winter,18.338703397435896
-34.0,116.0,Autumn,21.008114525641023
-34.0,116.0,Spring,17.873982503589744
-34.0,116.0,Summer,20.429987864615384
-34.0,116.0,Winter,18.549689448717952
-34.0,120.0,Autumn,19.345785179487184
-34.0,120.0,Spring,16.39624808179487
-34.0,120.0,Summer,19.095269921025643
-34.0,120.0,Winter,17.000570634615386
-34.0,122.0,Autumn,19.288575346153845
-34.0,122.0,Spring,16.31840041794872
-34.0,122.0,Summer,19.12292434102564
-34.0,122.0,Winter,16.80942664102564
-34.0,124.0,Autumn,19.219965653846153
-34.0,124.0,Spring,16.228656445641025
-34.0,124.0,Summer,19.199049536923077
-34.0,124.0,Winter,16.463637782051283
-34.0,126.0,Autumn,19.232800205128203
-34.0,126.0,Spring,16.214594003589742
-34.0,126.0,Summer,19.318161987179487
-34.0,126.0,Winter,16.228590455128206
-34.0,128.0,Autumn,19.17366330769231
-34.0,128.0,Spring,16.130558485384615
-34.0,128.0,Summer,19.301258507179487
-34.0,128.0,Winter,16.058329506410256
-34.0,130.0,Autumn,19.11881226923077
-34.0,130.0,Spring,16.133781373076925
-34.0,130.0,Summer,19.254401111794873
-34.0,130.0,Winter,16.07089625
-34.0,132.0,Autumn,19.083541884615386
-34.0,132.0,Spring,16.21067976923077
-34.0,132.0,Summer,19.21786833846154
-34.0,132.0,Winter,16.211862282051282
-34.0,134.0,Autumn,18.997905166666666
-34.0,134.0,Spring,16.172930836410256
-34.0,134.0,Summer,19.17064968051282
-34.0,134.0,Winter,16.227208532051282
-34.0,136.0,Autumn,18.804214833333333
-34.0,136.0,Spring,15.954693120000002
-34.0,136.0,Summer,19.125183516410257
-34.0,136.0,Winter,15.97503341025641
-34.0,138.0,Autumn,18.52117817948718
-34.0,138.0,Spring,15.713201490512821
-34.0,138.0,Summer,18.97877436923077
-34.0,138.0,Winter,15.686388673076925
-34.0,152.0,Autumn,23.206003294871795
-34.0,152.0,Spring,19.911053163589745
-34.0,152.0,Summer,23.94546890615385
-34.0,152.0,Winter,19.224128358974358
-34.0,154.0,Autumn,23.25063946153846
-34.0,154.0,Spring,20.03478365692308
-34.0,154.0,Summer,23.94486720358974
-34.0,154.0,Winter,19.377631717948717
-34.0,156.0,Autumn,22.950190666666668
-34.0,156.0,Spring,19.75148652923077
-34.0,156.0,Summer,23.568572010256407
-34.0,156.0,Winter,19.214630564102563
-34.0,158.0,Autumn,22.517891358974357
-34.0,158.0,Spring,19.309079874871795
-34.0,158.0,Summer,23.07917898820513
-34.0,158.0,Winter,18.92938591025641
-34.0,160.0,Autumn,22.100649384615384
-34.0,160.0,Spring,18.908842749230768
-34.0,160.0,Summer,22.627467043589746
-34.0,160.0,Winter,18.664019448717948
-32.0,110.0,Autumn,20.724275705128207
-32.0,110.0,Spring,18.017246312820514
-32.0,110.0,Summer,20.474153973846153
-32.0,110.0,Winter,18.358753076923076
-32.0,112.0,Autumn,21.394875346153842
-32.0,112.0,Spring,18.548592904102563
-32.0,112.0,Summer,20.928510027692308
-32.0,112.0,Winter,19.068378961538464
-32.0,114.0,Autumn,21.972728615384614
-32.0,114.0,Spring,18.945903192307693
-32.0,114.0,Summer,21.32604377846154
-32.0,114.0,Winter,19.601797333333334
-32.0,116.0,Autumn,22.070964576923075
-32.0,116.0,Spring,18.946288693846153
-32.0,116.0,Summer,21.37148066871795
-32.0,116.0,Winter,19.62775241025641
-32.0,126.0,Autumn,19.737692371794875
-32.0,126.0,Spring,16.73564998153846
-32.0,126.0,Summer,19.82896744
-32.0,126.0,Winter,16.661293884615386
-32.0,128.0,Autumn,19.799506141025642
-32.0,128.0,Spring,16.762655526666666
-32.0,128.0,Summer,19.9327949
-32.0,128.0,Winter,16.62707073076923
-32.0,130.0,Autumn,19.771088705128207
-32.0,130.0,Spring,16.787818883076923
-32.0,130.0,Summer,19.951932806666665
-32.0,130.0,Winter,16.648922025641028
-32.0,132.0,Autumn,19.659115833333335
-32.0,132.0,Spring,16.816407925128207
-32.0,132.0,Summer,19.8692380174359
-32.0,132.0,Winter,16.71213480769231
-32.0,134.0,Autumn,19.448863205128205
-32.0,134.0,Spring,16.672345717179486
-32.0,134.0,Summer,19.674928621025643
-32.0,134.0,Winter,16.616238147435897
-32.0,154.0,Autumn,24.03589032051282
-32.0,154.0,Spring,21.132549975897437
-32.0,154.0,Summer,24.782835404102567
-32.0,154.0,Winter,20.415852705128206
-32.0,156.0,Autumn,23.712055615384614
-32.0,156.0,Spring,20.800226628717947
-32.0,156.0,Summer,24.40294360923077
-32.0,156.0,Winter,20.206647384615387
-32.0,158.0,Autumn,23.27334043589744
-32.0,158.0,Spring,20.29706257692308
-32.0,158.0,Summer,23.895100818974356
-32.0,158.0,Winter,19.872523064102563
-32.0,160.0,Autumn,22.90126567948718
-32.0,160.0,Spring,19.874695775897436
-32.0,160.0,Summer,23.458688884615384
-32.0,160.0,Winter,19.589964423076925
-30.0,110.0,Autumn,21.941679500000003
-30.0,110.0,Spring,19.264300554871795
-30.0,110.0,Summer,21.516537285641025
-30.0,110.0,Winter,19.70385003846154
-30.0,112.0,Autumn,22.60438253846154
-30.0,112.0,Spring,19.654138198974362
-30.0,112.0,Summer,21.923641213846153
-30.0,112.0,Winter,20.35197946153846
-30.0,114.0,Autumn,23.054988589743587
-30.0,114.0,Spring,19.87503750205128
-30.0,114.0,Summer,22.191071192820516
-30.0,114.0,Winter,20.735400307692306
-30.0,154.0,Autumn,24.597294807692307
-30.0,154.0,Spring,21.962268141538463
-30.0,154.0,Summer,25.38063593794872
-30.0,154.0,Winter,21.225790192307695
-30.0,156.0,Autumn,24.22985644871795
-30.0,156.0,Spring,21.536143704615387
-30.0,156.0,Summer,24.94543120974359
-30.0,156.0,Winter,20.944563717948718
-30.0,158.0,Autumn,23.802654602564104
-30.0,158.0,Spring,21.003336136923078
-30.0,158.0,Summer,24.425231276410255
-30.0,158.0,Winter,20.5978125
-30.0,160.0,Autumn,23.493623333333332
-30.0,160.0,Spring,20.609822367179486
-30.0,160.0,Summer,24.038713110769233
-30.0,160.0,Winter,20.330063525641027
-28.0,110.0,Autumn,23.1950848974359
-28.0,110.0,Spring,20.321434517948717
-28.0,110.0,Summer,22.547222981538464
-28.0,110.0,Winter,20.921510205128204
-28.0,112.0,Autumn,23.86122108974359
-28.0,112.0,Spring,20.593581987179487
-28.0,112.0,Summer,22.929222398461537
-28.0,112.0,Winter,21.475612615384616
-28.0,114.0,Autumn,24.25250026923077
-28.0,114.0,Spring,20.74018585692308
-28.0,114.0,Summer,23.13681267076923
-28.0,114.0,Winter,21.788241717948722
-28.0,154.0,Autumn,25.019586076923076
-28.0,154.0,Spring,22.62247761333333
-28.0,154.0,Summer,25.853365510769226
-28.0,154.0,Winter,21.803933192307692
-28.0,156.0,Autumn,24.696315384615385
-28.0,156.0,Spring,22.198255088717946
-28.0,156.0,Summer,25.42751122923077
-28.0,156.0,Winter,21.551326743589744
-28.0,158.0,Autumn,24.329116064102564
-28.0,158.0,Spring,21.675247016923077
-28.0,158.0,Summer,24.932001773846153
-28.0,158.0,Winter,21.24076762820513
-28.0,160.0,Autumn,24.0827336025641
-28.0,160.0,Spring,21.318319523589743
-28.0,160.0,Summer,24.600076775897435
-28.0,160.0,Winter,21.015412974358977
-26.0,110.0,Autumn,24.362558948717947
-26.0,110.0,Spring,21.23034253897436
-26.0,110.0,Summer,23.52311537179487
-26.0,110.0,Winter,21.886512615384618
-26.0,112.0,Autumn,25.053395820512822
-26.0,112.0,Spring,21.48962866358974
-26.0,112.0,Summer,23.954310412820508
-26.0,112.0,Winter,22.351802551282052
-26.0,114.0,Autumn,25.435178153846152
-26.0,114.0,Spring,21.638135378974358
-26.0,114.0,Summer,24.179880985641024
-26.0,114.0,Winter,22.621086256410255
-26.0,154.0,Autumn,25.421112884615383
-26.0,154.0,Spring,23.251921121538462
-26.0,154.0,Summer,26.318802134358975
-26.0,154.0,Winter,22.30196288461538
-26.0,156.0,Autumn,25.18199816666667
-26.0,156.0,Spring,22.89646164102564
-26.0,156.0,Summer,25.96199871846154
-26.0,156.0,Winter,22.122131192307695
-26.0,158.0,Autumn,24.892649987179485
-26.0,158.0,Spring,22.423838472307693
-26.0,158.0,Summer,25.53221473794872
-26.0,158.0,Winter,21.86527669230769
-26.0,160.0,Autumn,24.703258769230768
-26.0,160.0,Spring,22.101500484102562
-26.0,160.0,Summer,25.253058474871793
-26.0,160.0,Winter,21.68732134615384
-24.0,110.0,Autumn,25.428469679487183
-24.0,110.0,Spring,22.13929129025641
-24.0,110.0,Summer,24.470673654871792
-24.0,110.0,Winter,22.77359008974359
-24.0,112.0,Autumn,26.128529576923075
-24.0,112.0,Spring,22.429664599487182
-24.0,112.0,Summer,25.007940935384614
-24.0,112.0,Winter,23.12633633333333
-24.0,114.0,Autumn,26.560098
-24.0,114.0,Spring,22.63820203897436
-24.0,114.0,Summer,25.35386653692308
-24.0,114.0,Winter,23.355172384615383
-24.0,154.0,Autumn,25.88777382051282
-24.0,154.0,Spring,23.912752800512823
-24.0,154.0,Summer,26.846875235384616
-24.0,154.0,Winter,22.841301474358975
-24.0,156.0,Autumn,25.702203653846155
-24.0,156.0,Spring,23.633156955897437
-24.0,156.0,Summer,26.541898697435897
-24.0,156.0,Winter,22.74865141025641
-24.0,158.0,Autumn,25.484869487179484
-24.0,158.0,Spring,23.235647307692307
-24.0,158.0,Summer,26.20042310102564
-24.0,158.0,Winter,22.538251435897436
-24.0,160.0,Autumn,25.35571732051282
-24.0,160.0,Spring,22.953283648717946
-24.0,160.0,Summer,25.976778111282048
-24.0,160.0,Winter,22.393821820512823
-22.0,110.0,Autumn,26.4355035
-22.0,110.0,Spring,23.10958228410256
-22.0,110.0,Summer,25.429983358461538
-22.0,110.0,Winter,23.73833973076923
-22.0,112.0,Autumn,27.10889635897436
-22.0,112.0,Spring,23.437967326666666
-22.0,112.0,Summer,26.08065283794872
-22.0,112.0,Winter,23.97428852564103
-22.0,114.0,Autumn,27.63616844871795
-22.0,114.0,Spring,23.821391336410258
-22.0,114.0,Summer,26.683403209743588
-22.0,114.0,Winter,24.156566910256412
-22.0,150.0,Autumn,26.420751653846157
-22.0,150.0,Spring,24.45547719076923
-22.0,150.0,Summer,27.713622805128207
-22.0,150.0,Winter,22.714719243589744
-22.0,152.0,Autumn,26.424007320512825
-22.0,152.0,Spring,24.52649007538462
-22.0,152.0,Summer,27.559754337948718
-22.0,152.0,Winter,23.08802380769231
-22.0,154.0,Autumn,26.40580094871795
-22.0,154.0,Spring,24.579656464102566
-22.0,154.0,Summer,27.342334033846157
-22.0,154.0,Winter,23.501679371794875
-22.0,156.0,Autumn,26.298693576923075
-22.0,156.0,Spring,24.379480256410258
-22.0,156.0,Summer,27.104095704102566
-22.0,156.0,Winter,23.50483998717949
-22.0,158.0,Autumn,26.175790333333335
-22.0,158.0,Spring,24.074357826666667
-22.0,158.0,Summer,26.871711065128206
-22.0,158.0,Winter,23.34873701282051
-22.0,160.0,Autumn,26.132129333333335
-22.0,160.0,Spring,23.863031049743594
-22.0,160.0,Summer,26.729320942051285
-22.0,160.0,Winter,23.251481282051277
-20.0,110.0,Autumn,27.308129551282054
-20.0,110.0,Spring,24.091445505128206
-20.0,110.0,Summer,26.343533816410257
-20.0,110.0,Winter,24.688984333333334
-20.0,112.0,Autumn,27.88280912820513
-20.0,112.0,Spring,24.44260208205128
-20.0,112.0,Summer,27.00431595897436
-20.0,112.0,Winter,24.82801705128205
-20.0,114.0,Autumn,28.396215307692305
-20.0,114.0,Spring,24.94460994153846
-20.0,114.0,Summer,27.730777825641027
-20.0,114.0,Winter,24.92170892307692
-20.0,116.0,Autumn,28.7800471025641
-20.0,116.0,Spring,25.54521891641026
-20.0,116.0,Summer,28.491852247179484
-20.0,116.0,Winter,24.940868564102562
-20.0,118.0,Autumn,29.019250910256414
-20.0,118.0,Spring,26.08951995897436
-20.0,118.0,Summer,29.04684305179487
-20.0,118.0,Winter,25.026134846153848
-20.0,150.0,Autumn,26.818088538461538
-20.0,150.0,Spring,25.10500121641026
-20.0,150.0,Summer,27.994633165128207
-20.0,150.0,Winter,23.562431371794872
-20.0,152.0,Autumn,26.89077141025641
-20.0,152.0,Spring,25.1895102574359
-20.0,152.0,Summer,27.885976945128203
-20.0,152.0,Winter,23.95108135897436
-20.0,154.0,Autumn,26.968462756410258
-20.0,154.0,Spring,25.241381997948718
-20.0,154.0,Summer,27.773080494871795
-20.0,154.0,Winter,24.295500166666667
-20.0,156.0,Autumn,26.983461807692304
-20.0,156.0,Spring,25.129262211282054
-20.0,156.0,Summer,27.655128217948718
-20.0,156.0,Winter,24.354717487179485
-20.0,158.0,Autumn,26.98428746153846
-20.0,158.0,Spring,24.961107522051282
-20.0,158.0,Summer,27.554421298461538
-20.0,158.0,Winter,24.29899508974359
-20.0,160.0,Autumn,27.02089226923077
-20.0,160.0,Spring,24.847850088717948
-20.0,160.0,Summer,27.503337819487182
-20.0,160.0,Winter,24.26984294871795
-18.0,110.0,Autumn,27.9972293974359
-18.0,110.0,Spring,25.075053881538462
-18.0,110.0,Summer,27.187881041025644
-18.0,110.0,Winter,25.559070269230773
-18.0,112.0,Autumn,28.422287564102565
-18.0,112.0,Spring,25.422418228205128
-18.0,112.0,Summer,27.73044406923077
-18.0,112.0,Winter,25.627306102564102
-18.0,114.0,Autumn,28.80009471794872
-18.0,114.0,Spring,25.893902247179486
-18.0,114.0,Summer,28.31700523897436
-18.0,114.0,Winter,25.644115538461538
-18.0,116.0,Autumn,29.071560884615383
-18.0,116.0,Spring,26.37645052871795
-18.0,116.0,Summer,28.86260070769231
-18.0,116.0,Winter,25.633471576923075
-18.0,118.0,Autumn,29.239696807692308
-18.0,118.0,Spring,26.77172470051282
-18.0,118.0,Summer,29.28998418
-18.0,118.0,Winter,25.63697055128205
-18.0,120.0,Autumn,29.36283270512821
-18.0,120.0,Spring,27.054151414358973
-18.0,120.0,Summer,29.602163613846155
-18.0,120.0,Winter,25.65561587179487
-18.0,122.0,Autumn,29.457434051282053
-18.0,122.0,Spring,27.294385906666665
-18.0,122.0,Summer,29.755312847692306
-18.0,122.0,Winter,25.796689474358974
-18.0,148.0,Autumn,27.423637666666664
-18.0,148.0,Spring,26.038183575897435
-18.0,148.0,Summer,28.498460315384616
-18.0,148.0,Winter,24.689619397435894
-18.0,150.0,Autumn,27.369316820512818
-18.0,150.0,Spring,25.9105734
-18.0,150.0,Summer,28.35297819076923
-18.0,150.0,Winter,24.690946679487183
-18.0,152.0,Autumn,27.458037948717948
-18.0,152.0,Spring,25.930061209743588
-18.0,152.0,Summer,28.277214518461538
-18.0,152.0,Winter,24.935030423076928
-18.0,154.0,Autumn,27.586792756410258
-18.0,154.0,Spring,25.96565096666667
-18.0,154.0,Summer,28.253529285128206
-18.0,154.0,Winter,25.155010615384615
-18.0,156.0,Autumn,27.700004000000003
-18.0,156.0,Spring,25.95262099846154
-18.0,156.0,Summer,28.25117966820513
-18.0,156.0,Winter,25.265281820512822
-18.0,158.0,Autumn,27.795356935897434
-18.0,158.0,Spring,25.924539642051283
-18.0,158.0,Summer,28.25796996717949
-18.0,158.0,Winter,25.325366141025643
-18.0,160.0,Autumn,27.86986369230769
-18.0,160.0,Spring,25.89068131128205
-18.0,160.0,Summer,28.2620239974359
-18.0,160.0,Winter,25.35596703846154
-16.0,110.0,Autumn,28.576256564102565
-16.0,110.0,Spring,26.052014600000003
-16.0,110.0,Summer,27.979729773846156
-16.0,110.0,Winter,26.365814435897434
-16.0,112.0,Autumn,28.831999423076923
-16.0,112.0,Spring,26.361615763076923
-16.0,112.0,Summer,28.344018482564106
-16.0,112.0,Winter,26.371482628205126
-16.0,114.0,Autumn,29.081693064102566
-16.0,114.0,Spring,26.77683667692308
-16.0,114.0,Summer,28.74427561897436
-16.0,114.0,Winter,26.372030012820513
-16.0,116.0,Autumn,29.29642803846154
-16.0,116.0,Spring,27.21472515794872
-16.0,116.0,Summer,29.14081671076923
-16.0,116.0,Winter,26.393906961538466
-16.0,118.0,Autumn,29.446445999999998
-16.0,118.0,Spring,27.57497465128205
-16.0,118.0,Summer,29.482079968717944
-16.0,118.0,Winter,26.412226512820514
-16.0,120.0,Autumn,29.51608884615385
-16.0,120.0,Spring,27.77105255179487
-16.0,120.0,Summer,29.710758927179487
-16.0,120.0,Winter,26.37318970512821
-16.0,122.0,Autumn,29.55527092307692
-16.0,122.0,Spring,27.871728775384614
-16.0,122.0,Summer,29.815025679487178
-16.0,122.0,Winter,26.377290576923077
-16.0,124.0,Autumn,29.58400761538461
-16.0,124.0,Spring,28.082223097948717
-16.0,124.0,Summer,29.878137524102566
-16.0,124.0,Winter,26.51454766666667
-16.0,140.0,Autumn,28.75613583333333
-16.0,140.0,Spring,27.48391987897436
-16.0,140.0,Summer,30.193306855384616
-16.0,140.0,Winter,24.7199325
-16.0,142.0,Autumn,28.750218564102564
-16.0,142.0,Spring,27.45850571794872
-16.0,142.0,Summer,30.20549895076923
-16.0,142.0,Winter,24.732041269230773
-16.0,146.0,Autumn,27.79003451282051
-16.0,146.0,Spring,26.449634475384613
-16.0,146.0,Summer,28.83421466102564
-16.0,146.0,Winter,25.157620038461534
-16.0,148.0,Autumn,27.796088012820515
-16.0,148.0,Spring,26.432728167179487
-16.0,148.0,Summer,28.75733257230769
-16.0,148.0,Winter,25.25027303846154
-16.0,150.0,Autumn,27.893063641025645
-16.0,150.0,Spring,26.493781118974358
-16.0,150.0,Summer,28.70864516051282
-16.0,150.0,Winter,25.48514419230769
-16.0,152.0,Autumn,28.042519025641024
-16.0,152.0,Spring,26.618064148205132
-16.0,152.0,Summer,28.726344493333333
-16.0,152.0,Winter,25.745324974358976
-16.0,154.0,Autumn,28.21574841025641
-16.0,154.0,Spring,26.75186156923077
-16.0,154.0,Summer,28.787062763589745
-16.0,154.0,Winter,25.99929514102564
-16.0,156.0,Autumn,28.375634769230768
-16.0,156.0,Spring,26.85036047948718
-16.0,156.0,Summer,28.851134536410257
-16.0,156.0,Winter,26.213403512820516
-16.0,158.0,Autumn,28.50136284615385
-16.0,158.0,Spring,26.904400158461538
-16.0,158.0,Summer,28.89987458
-16.0,158.0,Winter,26.36330969230769
-16.0,160.0,Autumn,28.59103923076923
-16.0,160.0,Spring,26.91787287282051
-16.0,160.0,Summer,28.922479904102563
-16.0,160.0,Winter,26.449621743589745
-14.0,110.0,Autumn,29.005104846153845
-14.0,110.0,Spring,26.838002664615384
-14.0,110.0,Summer,28.5744526
-14.0,110.0,Winter,26.944303346153845
-14.0,112.0,Autumn,29.114406948717953
-14.0,112.0,Spring,27.112007265641026
-14.0,112.0,Summer,28.808734550256407
-14.0,112.0,Winter,26.898153923076922
-14.0,114.0,Autumn,29.235015564102564
-14.0,114.0,Spring,27.45126643128205
-14.0,114.0,Summer,29.061554515897438
-14.0,114.0,Winter,26.86679584615385
-14.0,116.0,Autumn,29.371282833333336
-14.0,116.0,Spring,27.811300600512823
-14.0,116.0,Summer,29.33531853948718
-14.0,116.0,Winter,26.86730366666667
-14.0,118.0,Autumn,29.474252756410255
-14.0,118.0,Spring,28.127974835897437
-14.0,118.0,Summer,29.587613664615386
-14.0,118.0,Winter,26.88092244871795
-14.0,120.0,Autumn,29.52300587179487
-14.0,120.0,Spring,28.355204815897437
-14.0,120.0,Summer,29.774277492307693
-14.0,120.0,Winter,26.89006625641026
-14.0,122.0,Autumn,29.54135296153846
-14.0,122.0,Spring,28.476872553846153
-14.0,122.0,Summer,29.875358002564102
-14.0,122.0,Winter,26.88739396153846
-14.0,124.0,Autumn,29.55478846153846
-14.0,124.0,Spring,28.583099096923075
-14.0,124.0,Summer,29.950562675897434
-14.0,124.0,Winter,26.895126794871796
-14.0,126.0,Autumn,29.55137142307692
-14.0,126.0,Spring,28.78240586410256
-14.0,126.0,Summer,30.04734054974359
-14.0,126.0,Winter,26.97385205128205
-14.0,130.0,Autumn,29.524055012820515
-14.0,130.0,Spring,28.944655944615388
-14.0,130.0,Summer,30.307984797435896
-14.0,130.0,Winter,26.700073948717947
-14.0,138.0,Autumn,28.864004653846152
-14.0,138.0,Spring,27.785804263589743
-14.0,138.0,Summer,30.013945936410256
-14.0,138.0,Winter,25.561357153846156
-14.0,140.0,Autumn,28.84929803846154
-14.0,140.0,Spring,27.720769105641025
-14.0,140.0,Summer,30.040128824102567
-14.0,140.0,Winter,25.5186643974359
-14.0,142.0,Autumn,28.778386333333334
-14.0,142.0,Spring,27.58772655076923
-14.0,142.0,Summer,29.97519688974359
-14.0,142.0,Winter,25.520240230769232
-14.0,146.0,Autumn,28.07376396153846
-14.0,146.0,Spring,26.629183333846154
-14.0,146.0,Summer,29.01071904974359
-14.0,146.0,Winter,25.489893192307694
-14.0,148.0,Autumn,28.218083884615385
-14.0,148.0,Spring,26.732888422051285
-14.0,148.0,Summer,29.01929198974359
-14.0,148.0,Winter,25.745923756410253
-14.0,150.0,Autumn,28.388147974358972
-14.0,150.0,Spring,26.916587816410257
-14.0,150.0,Summer,29.047867946153847
-14.0,150.0,Winter,26.031401448717947
-14.0,152.0,Autumn,28.560279166666664
-14.0,152.0,Spring,27.17450330307692
-14.0,152.0,Summer,29.12670045435897
-14.0,152.0,Winter,26.347228166666667
-14.0,154.0,Autumn,28.75596812820513
-14.0,154.0,Spring,27.457742152820515
-14.0,154.0,Summer,29.23859006871795
-14.0,154.0,Winter,26.72734707692308
-14.0,156.0,Autumn,28.933010038461543
-14.0,156.0,Spring,27.669317235384614
-14.0,156.0,Summer,29.333922546153847
-14.0,156.0,Winter,27.06452747435897
-14.0,158.0,Autumn,29.064451435897436
-14.0,158.0,Spring,27.779563504615385
-14.0,158.0,Summer,29.39407230358974
-14.0,158.0,Winter,27.293169025641024
-14.0,160.0,Autumn,29.15965184615385
-14.0,160.0,Spring,27.82218642051282
-14.0,160.0,Summer,29.42190415948718
-14.0,160.0,Winter,27.43200432051282
-12.0,110.0,Autumn,29.208607320512822
-12.0,110.0,Spring,27.246906945641026
-12.0,110.0,Summer,28.86019805846154
-12.0,110.0,Winter,27.15229691025641
-12.0,112.0,Autumn,29.21970319230769
-12.0,112.0,Spring,27.4848851625641
-12.0,112.0,Summer,29.024038964102562
-12.0,112.0,Winter,27.060310166666667
-12.0,114.0,Autumn,29.239597641025643
-12.0,114.0,Spring,27.778761645641026
-12.0,114.0,Summer,29.19212928051282
-12.0,114.0,Winter,27.016422987179485
-12.0,116.0,Autumn,29.285045923076922
-12.0,116.0,Spring,28.0774047025641
-12.0,116.0,Summer,29.374720582051282
-12.0,116.0,Winter,26.998867
-12.0,118.0,Autumn,29.31951653846154
-12.0,118.0,Spring,28.32753614820513
-12.0,118.0,Summer,29.547656351282054
-12.0,118.0,Winter,26.983871782051285
-12.0,120.0,Autumn,29.348771474358973
-12.0,120.0,Spring,28.550974745128205
-12.0,120.0,Summer,29.69749122666667
-12.0,120.0,Winter,27.026316076923077
-12.0,122.0,Autumn,29.372045153846155
-12.0,122.0,Spring,28.736277847692307
-12.0,122.0,Summer,29.796144842564104
-12.0,122.0,Winter,27.110644858974357
-12.0,124.0,Autumn,29.413945794871797
-12.0,124.0,Spring,28.889791560512823
-12.0,124.0,Summer,29.898303506666668
-12.0,124.0,Winter,27.192268628205127
-12.0,126.0,Autumn,29.448640076923073
-12.0,126.0,Spring,29.001371747179487
-12.0,126.0,Summer,30.00549086820513
-12.0,126.0,Winter,27.236672551282055
-12.0,128.0,Autumn,29.471475858974358
-12.0,128.0,Spring,29.02744921179487
-12.0,128.0,Summer,30.109647368205128
-12.0,128.0,Winter,27.14788734615385
-12.0,130.0,Autumn,29.44872457692308
-12.0,130.0,Spring,28.91952175435897
-12.0,130.0,Summer,30.16880367846154
-12.0,130.0,Winter,26.896507333333332
-12.0,132.0,Autumn,29.334102166666668
-12.0,132.0,Spring,28.712021974358976
-12.0,132.0,Summer,30.082414215384613
-12.0,132.0,Winter,26.70522278205128
-12.0,138.0,Autumn,28.886549205128205
-12.0,138.0,Spring,27.842879868717947
-12.0,138.0,Summer,29.776692795897432
-12.0,138.0,Winter,26.118859320512822
-12.0,140.0,Autumn,28.86193208974359
-12.0,140.0,Spring,27.796755115384617
-12.0,140.0,Summer,29.766267996923077
-12.0,140.0,Winter,26.19654876923077
-12.0,142.0,Autumn,28.726396935897437
-12.0,142.0,Spring,27.553811578461534
-12.0,142.0,Summer,29.649149143589742
-12.0,142.0,Winter,26.087161974358978
-12.0,144.0,Autumn,28.469209217948716
-12.0,144.0,Spring,27.075365544102564
-12.0,144.0,Summer,29.35690564769231
-12.0,144.0,Winter,25.84134291025641
-12.0,146.0,Autumn,28.390992217948718
-12.0,146.0,Spring,26.804372364615386
-12.0,146.0,Summer,29.177821420000004
-12.0,146.0,Winter,25.828445217948723
-12.0,148.0,Autumn,28.585205948717945
-12.0,148.0,Spring,26.932346682564102
-12.0,148.0,Summer,29.224260271794872
-12.0,148.0,Winter,26.106455987179487
-12.0,150.0,Autumn,28.777874756410256
-12.0,150.0,Spring,27.22092274923077
-12.0,150.0,Summer,29.28934339025641
-12.0,150.0,Winter,26.45058885897436
-12.0,152.0,Autumn,28.951861538461543
-12.0,152.0,Spring,27.61758697692308
-12.0,152.0,Summer,29.39756444923077
-12.0,152.0,Winter,26.86954626923077
-12.0,154.0,Autumn,29.156495987179486
-12.0,154.0,Spring,28.025599994871797
-12.0,154.0,Summer,29.54298435641026
-12.0,154.0,Winter,27.353500384615383
-12.0,156.0,Autumn,29.35676935897436
-12.0,156.0,Spring,28.331913303589744
-12.0,156.0,Summer,29.676402643076926
-12.0,156.0,Winter,27.778028974358975
-12.0,158.0,Autumn,29.489155871794875
-12.0,158.0,Spring,28.484880455897436
-12.0,158.0,Summer,29.750704543589745
-12.0,158.0,Winter,28.050041628205125
-12.0,160.0,Autumn,29.566594064102564
-12.0,160.0,Spring,28.547506761025645
-12.0,160.0,Summer,29.779508593333333
-12.0,160.0,Winter,28.211212858974353
-10.0,110.0,Autumn,29.28136720512821
-10.0,110.0,Spring,27.41520046717949
-10.0,110.0,Summer,28.936715604102563
-10.0,110.0,Winter,27.232557166666666
-10.0,112.0,Autumn,29.22216532051282
-10.0,112.0,Spring,27.588416459487178
-10.0,112.0,Summer,29.026895436410257
-10.0,112.0,Winter,27.09985607692308
-10.0,114.0,Autumn,29.193778525641026
-10.0,114.0,Spring,27.9039709174359
-10.0,114.0,Summer,29.129586368717952
-10.0,114.0,Winter,27.12777256410256
-10.0,116.0,Autumn,29.189330974358977
-10.0,116.0,Spring,28.195833276410255
-10.0,116.0,Summer,29.241438080512822
-10.0,116.0,Winter,27.16394208974359
-10.0,118.0,Autumn,29.185133205128206
-10.0,118.0,Spring,28.381442373333332
-10.0,118.0,Summer,29.35172257076923
-10.0,118.0,Winter,27.141853205128204
-10.0,120.0,Autumn,29.189861884615382
-10.0,120.0,Spring,28.544841980512818
-10.0,120.0,Summer,29.434375606666666
-10.0,120.0,Winter,27.18627614102564
-10.0,122.0,Autumn,29.22257
-10.0,122.0,Spring,28.7401001651282
-10.0,122.0,Summer,29.502763496410257
-10.0,122.0,Winter,27.3414937948718
-10.0,124.0,Autumn,29.28287073076923
-10.0,124.0,Spring,28.906608255897435
-10.0,124.0,Summer,29.61667421025641
-10.0,124.0,Winter,27.483210910256407
-10.0,126.0,Autumn,29.321924833333338
-10.0,126.0,Spring,28.95600670974359
-10.0,126.0,Summer,29.748282606666663
-10.0,126.0,Winter,27.48668553846154
-10.0,128.0,Autumn,29.323014974358973
-10.0,128.0,Spring,28.90322104871795
-10.0,128.0,Summer,29.83553832974359
-10.0,128.0,Winter,27.358179641025643
-10.0,130.0,Autumn,29.286437423076922
-10.0,130.0,Spring,28.760704109230772
-10.0,130.0,Summer,29.8589174
-10.0,130.0,Winter,27.126736141025642
-10.0,132.0,Autumn,29.19431798717949
-10.0,132.0,Spring,28.51881261282051
-10.0,132.0,Summer,29.7942278425641
-10.0,132.0,Winter,26.853208500000004
-10.0,134.0,Autumn,29.067140128205125
-10.0,134.0,Spring,28.196189947692307
-10.0,134.0,Summer,29.651837855897437
-10.0,134.0,Winter,26.637381666666666
-10.0,136.0,Autumn,28.986552717948722
-10.0,136.0,Spring,27.921299358974363
-10.0,136.0,Summer,29.561871611282054
-10.0,136.0,Winter,26.530153076923074
-10.0,138.0,Autumn,28.941890217948714
-10.0,138.0,Spring,27.773360437948714
-10.0,138.0,Summer,29.540200457948714
-10.0,138.0,Winter,26.503373679487183
-10.0,140.0,Autumn,28.86876714102564
-10.0,140.0,Spring,27.6696402025641
-10.0,140.0,Summer,29.53021045025641
-10.0,140.0,Winter,26.43987541025641
-10.0,142.0,Autumn,28.712039333333337
-10.0,142.0,Spring,27.433124375897435
-10.0,142.0,Summer,29.45492138153846
-10.0,142.0,Winter,26.20115330769231
-10.0,144.0,Autumn,28.60271538461539
-10.0,144.0,Spring,27.15290785692308
-10.0,144.0,Summer,29.340851492820516
-10.0,144.0,Winter,26.04453767948718
-10.0,146.0,Autumn,28.64439746153846
-10.0,146.0,Spring,27.00928318
-10.0,146.0,Summer,29.29198063538462
-10.0,146.0,Winter,26.11647535897436
-10.0,148.0,Autumn,28.874705871794873
-10.0,148.0,Spring,27.21499766717949
-10.0,148.0,Summer,29.371889813846153
-10.0,148.0,Winter,26.49880612820513
-10.0,150.0,Autumn,29.15508521794872
-10.0,150.0,Spring,27.716953586666666
-10.0,150.0,Summer,29.522522481538463
-10.0,150.0,Winter,27.082031576923075
-10.0,152.0,Autumn,29.33610794871795
-10.0,152.0,Spring,28.190654564102562
-10.0,152.0,Summer,29.657191407692306
-10.0,152.0,Winter,27.580940051282052
-10.0,154.0,Autumn,29.524565884615384
-10.0,154.0,Spring,28.595953974358974
-10.0,154.0,Summer,29.8047884276923
-10.0,154.0,Winter,28.053015833333333
-10.0,156.0,Autumn,29.704103461538466
-10.0,156.0,Spring,28.88249743846154
-10.0,156.0,Summer,29.934260374358974
-10.0,156.0,Winter,28.44602846153846
-10.0,158.0,Autumn,29.807261474358977
-10.0,158.0,Spring,29.031535233333333
-10.0,158.0,Summer,30.008359354871796
-10.0,158.0,Winter,28.690936858974357
-10.0,160.0,Autumn,29.83816101282051
-10.0,160.0,Spring,29.104988881538464
-10.0,160.0,Summer,30.02838138
-10.0,160.0,Winter,28.829909423076924



